Variety,S_1,S_2,S_3,S_4,M_1,M_2,M_3,W_1,W_2,W_3,W_4,Yield
1,4.09,15.3,396.9,4.98,0.00632,18.0,6.575,2.381979123674733,0.4755224966673729,65.2,296.35019480510465,24.0
2,4.9671,17.8,396.9,9.14,0.02731,0.0,6.421,7.071148330331295,0.5091648337498546,78.9,241.62019796521272,21.6
2,4.9671,17.8,392.83,4.03,0.02729,0.0,7.185,6.896940524282605,0.5806726838750536,61.1,241.55147564157977,34.7
3,6.0622,18.7,394.63,2.94,0.03237,0.0,6.998,2.2378165705326745,0.49153898148235886,45.8,222.0239941130433,33.4
3,6.0622,18.7,396.9,5.33,0.06905,0.0,7.147,1.9793265899514358,0.10366004637461795,54.2,221.72397203916492,36.2
3,6.0622,18.7,394.12,5.21,0.02985,0.0,6.43,2.2779896103536914,0.4402054208860205,58.7,222.39709403049858,28.7
5,5.5605,15.2,395.6,12.43,0.08829,12.5,6.012,7.890084172368647,0.48840478669718057,66.6,311.69871563303343,22.9
5,5.9505,15.2,396.9,19.15,0.14455,12.5,6.172,7.853717280969753,0.525266265465521,96.1,311.8204623087856,27.1
5,6.0821,15.2,386.63,29.93,0.21124,12.5,5.631,7.825090387221799,0.5026738858812141,100.0,311.2769864925238,16.5
5,6.5921,15.2,386.71,17.1,0.17004,12.5,6.004,7.907141258861855,0.46082452941937346,85.9,310.9852284343945,18.9
5,6.3467,15.2,392.52,20.45,0.22489,12.5,6.377,7.862579664472293,0.4073732207614263,94.3,310.89200267667815,15.0
5,6.2267,15.2,396.9,13.27,0.11747,12.5,6.009,8.043642008040415,0.5542017251044598,82.9,309.92991293629603,18.9
5,5.4509,15.2,390.5,15.71,0.09378,12.5,5.889,7.9940129715885275,0.44068869874541905,39.0,310.85725647133523,21.7
4,4.7075,21.0,396.9,8.26,0.62976,0.0,5.949,8.07399537150496,0.4116963912692618,61.8,307.75861864513837,20.4
4,4.4619,21.0,380.02,10.26,0.63796,0.0,6.096,8.083576161192566,0.44998904788633076,84.5,307.0658621648792,18.2
4,4.4986,21.0,395.62,8.47,0.62739,0.0,5.834,7.9971787770643346,0.872826999515036,56.5,306.4565976875262,19.9
4,4.4986,21.0,386.85,6.58,1.05393,0.0,5.935,7.958287601405461,0.422033859825139,29.3,307.33403437918264,23.1
4,4.2579,21.0,386.75,14.67,0.7842,0.0,5.99,8.392612868607156,0.4023924947000459,81.7,306.58686617480936,17.5
4,3.7965,21.0,288.99,11.69,0.80271,0.0,5.456,8.147111247522744,0.3927922661308114,36.6,306.09502439530326,20.2
4,3.7965,21.0,390.95,11.28,0.7258,0.0,5.727,8.128367977148965,0.5749185183553631,69.5,306.42792044891564,18.2
4,3.7979,21.0,376.57,21.02,1.25179,0.0,5.57,8.18865972209008,0.41653437488432893,98.1,307.5056901928133,13.6
4,4.0123,21.0,392.53,13.83,0.85204,0.0,5.965,8.235145264322531,0.5183846856962611,89.2,307.45424622648113,19.6
4,3.9769,21.0,396.9,18.72,1.23247,0.0,6.142,8.027562607125176,0.4427916923525124,91.7,306.37434665578905,15.2
4,4.0952,21.0,394.54,19.88,0.98843,0.0,5.813,8.302418322776798,0.5779261648474917,100.0,307.14802370052416,14.5
4,4.3996,21.0,394.33,16.3,0.75026,0.0,5.924,7.93884732865696,0.7007643973100566,94.1,307.2376356730049,15.6
4,4.4546,21.0,303.42,16.51,0.84054,0.0,5.599,8.110673754725894,0.9854065174843533,85.7,307.10089185492774,13.9
4,4.682,21.0,376.88,14.81,0.67191,0.0,5.813,7.937365381611387,0.708954589734866,90.3,307.1780420510644,16.6
4,4.4534,21.0,306.38,17.28,0.95577,0.0,6.047,7.989155036922487,0.7801942919964125,88.8,307.4283012707849,14.8
4,4.4547,21.0,387.94,12.8,0.77299,0.0,6.495,8.361948778627196,0.4849175573163998,94.4,307.56785507459415,18.4
4,4.239,21.0,380.23,11.98,1.00245,0.0,6.674,8.01295348362288,0.4333243007470689,87.3,306.2139342201663,21.0
4,4.233,21.0,360.17,22.6,1.13081,0.0,5.713,8.1552144894454,0.7082979754052802,94.1,307.14191259880965,12.7
4,4.175,21.0,376.73,13.04,1.35472,0.0,6.072,8.106262614236163,0.6759818777551092,100.0,306.3639654716696,14.5
4,3.99,21.0,232.6,27.71,1.38799,0.0,5.95,8.38333300761875,0.7829185911569936,82.0,307.65041384556724,13.2
4,3.7872,21.0,358.77,18.35,1.15172,0.0,5.701,8.096379579336759,0.7233040026929773,95.0,305.71276217445194,13.1
4,3.7598,21.0,248.31,20.34,1.61282,0.0,6.096,7.950955783066692,0.4702747561551304,96.9,306.130105832561,13.5
5,3.3603,19.2,396.9,9.68,0.06417,0.0,5.933,5.786451685527622,0.36997054268740476,68.2,278.7396990650845,18.9
5,3.3779,19.2,377.56,11.41,0.09744,0.0,5.841,5.806152507480189,0.38896807654660587,61.4,278.2830379009669,20.0
5,3.9342,19.2,396.9,8.77,0.08014,0.0,5.85,5.863622281515475,0.42830231974030986,41.5,278.7644377327348,21.0
5,3.8473,19.2,393.43,10.13,0.17505,0.0,5.966,5.965251259948429,0.5207744082918261,30.2,278.6966483256145,24.7
3,5.4011,18.3,395.63,4.32,0.02763,75.0,6.595,2.83847502366296,0.36211206745524166,21.8,252.1554862875991,30.8
3,5.4011,18.3,395.62,1.98,0.03359,75.0,7.024,2.8614420472628694,0.47217418411757167,15.8,251.90087782131633,34.9
3,5.7209,17.9,385.41,4.84,0.12744,0.0,6.77,6.91446102562739,0.18316339535461484,2.9,233.29097131628083,26.6
3,5.7209,17.9,383.37,5.81,0.1415,0.0,6.169,6.965547442608826,0.48428796411795655,6.6,234.22409372614007,25.3
3,5.7209,17.9,394.46,7.44,0.15936,0.0,6.211,6.608218062107983,0.544235172062858,6.5,233.4121896221248,24.7
3,5.7209,17.9,389.39,9.55,0.12269,0.0,6.069,7.042518808221292,0.46464286934506255,40.0,232.7639505803497,21.2
3,5.1004,17.9,396.9,10.21,0.17142,0.0,5.682,6.9084501650756955,0.3936976848563035,33.8,233.36536291725085,19.3
3,5.1004,17.9,396.9,14.15,0.18836,0.0,5.786,6.794097948854161,0.3102921609613238,33.3,232.7755345801236,20.0
3,5.6894,17.9,392.74,18.8,0.22927,0.0,6.03,6.849114232208821,0.47091705943869266,85.5,232.58264482919876,16.6
3,5.87,17.9,396.9,30.81,0.25387,0.0,5.399,6.914845690915758,0.37653219451850956,95.3,233.10318890319328,14.4
3,6.0877,17.9,396.9,16.2,0.21977,0.0,5.602,6.899798958353446,0.48481502239112617,62.0,232.69529079040967,19.4
4,6.8147,16.8,395.56,13.45,0.08873,21.0,5.963,5.4923791542935625,0.6919253020213714,45.7,242.20677067055647,19.7
4,6.8147,16.8,393.97,9.43,0.04337,21.0,6.115,5.780676962696683,0.5919448923634102,63.0,243.09725882295197,20.5
4,6.8147,16.8,396.9,5.28,0.0536,21.0,6.511,5.637740867087537,0.24093042738619175,21.1,242.66177904648947,25.0
4,6.8147,16.8,396.9,8.43,0.04981,21.0,5.998,5.484041873241081,0.5311360541485587,21.4,242.77633522912075,23.4
3,7.3197,21.1,396.9,14.8,0.0136,75.0,5.888,3.7969441305873697,0.40199452392574087,47.6,468.24899576600984,18.9
5,8.6966,17.9,395.93,4.81,0.01311,90.0,7.249,1.240046350808283,0.2704674469043762,21.9,226.06167460287065,35.4
2,9.1876,17.3,396.9,5.77,0.02055,85.0,6.383,0.7801182150357598,0.3307615657995473,35.7,312.94435910577795,24.7
5,8.3248,15.1,392.9,3.95,0.01432,100.0,6.816,1.2483324634801796,0.29697929554162744,40.5,255.8628600283814,31.6
8,7.8148,19.7,390.68,6.86,0.15445,25.0,6.145,5.298599442167456,0.41348885280563985,29.2,283.8362874916961,23.3
8,6.932,19.7,396.9,9.22,0.10328,25.0,5.927,4.990263703993385,0.8197950304748173,47.2,283.32746370024194,19.6
8,7.2254,19.7,395.11,13.15,0.14932,25.0,5.741,5.070584905051209,0.30069423129739875,66.2,283.865711187774,18.7
8,6.8185,19.7,378.08,14.44,0.17171,25.0,5.966,5.028435431896647,0.507331632293173,93.4,283.32480503850786,16.0
8,7.2255,19.7,396.9,6.73,0.11027,25.0,6.456,5.241198392414004,0.378616002628341,67.8,284.077509168259,22.2
8,7.9809,19.7,395.58,9.5,0.1265,25.0,6.762,4.8796888044310816,0.4367544297275451,43.4,283.8636988954562,25.0
3,9.2229,18.6,393.24,8.05,0.01951,17.5,7.104,1.2480053354261498,0.5114399080174867,59.5,215.30338687099308,33.0
4,6.6115,16.1,396.9,4.67,0.03584,80.0,6.29,3.3458178623171024,0.2657876883312148,17.8,335.9456988799725,23.5
4,6.6115,16.1,396.9,10.24,0.04379,80.0,5.787,3.055083849634241,0.3787389524649217,31.1,337.18569959365414,19.4
4,6.498,18.9,396.21,8.1,0.05789,12.5,5.878,6.04025566307621,0.28000790689096644,21.4,345.0898345268143,22.0
4,6.498,18.9,396.9,13.09,0.13554,12.5,5.594,6.083615997064365,0.2260327917830823,36.8,345.2536649456128,17.4
4,6.498,18.9,396.9,8.79,0.12816,12.5,5.885,6.1539338241680746,0.35248050498204414,33.0,344.4289366049638,20.9
4,5.2873,19.2,383.73,6.72,0.08826,0.0,6.417,10.741172473587353,0.5472008112380717,6.6,305.06145338391957,24.2
4,5.2873,19.2,376.94,9.88,0.15876,0.0,5.961,10.856231824752543,0.44910473863977046,17.5,304.7598658686102,21.7
4,5.2873,19.2,390.91,5.52,0.09164,0.0,6.065,10.716317071205834,0.36607367062612944,7.8,305.33110365819715,22.8
4,5.2873,19.2,377.17,7.54,0.19539,0.0,6.245,10.919014788520519,0.37396547663450613,6.2,305.54889053997556,23.4
5,4.2515,18.7,394.92,6.78,0.07896,0.0,6.273,12.695460208177103,0.13252588823470784,6.0,397.6278799714647,24.1
5,4.5026,18.7,383.23,8.94,0.09512,0.0,6.286,12.692023385861386,0.525611020293365,45.0,397.47345277371454,21.4
5,4.0522,18.7,373.66,11.97,0.10153,0.0,6.279,13.06425790569034,0.5803217569959662,74.5,397.70023644804354,20.0
5,4.0905,18.7,386.96,10.27,0.08707,0.0,6.14,12.699801716837436,0.2658911171283562,45.8,397.9791723816927,20.8
5,5.0141,18.7,386.4,12.34,0.05646,0.0,6.232,13.01927473255212,0.3384536135738653,53.7,398.15888268328774,21.2
5,4.5026,18.7,396.06,9.1,0.08387,0.0,5.874,12.62086870914425,0.27150966720110814,36.6,397.34370762186336,20.3
4,5.4007,19.0,396.9,5.29,0.04113,25.0,6.727,5.107897905872242,0.3991345331683875,33.5,281.02213888316174,28.0
4,5.4007,19.0,395.63,7.22,0.04462,25.0,6.619,4.858706918270248,0.24378920108625968,70.4,281.3798891350696,23.9
4,5.4007,19.0,396.9,6.72,0.03659,25.0,6.302,4.740441350227692,0.3687982345644414,32.2,281.3336487651123,24.8
4,5.4007,19.0,390.64,7.51,0.03551,25.0,6.167,4.8566070265409795,0.1730415351130179,46.7,280.81305779689484,22.9
3,4.7794,18.5,396.9,9.62,0.05059,0.0,6.389,4.413844676107303,0.5441680897340871,48.0,246.88221855081537,23.9
3,4.4377,18.5,392.3,6.53,0.05735,0.0,6.63,4.417561996717256,0.3609769397063074,56.1,246.23238932508963,26.6
3,4.4272,18.5,395.99,12.86,0.05188,0.0,6.015,4.614300575514116,0.5047423209175257,45.1,246.93830511524865,22.5
3,3.7476,18.5,395.15,8.44,0.07151,0.0,6.121,4.446594119281783,0.27762793242287764,56.8,247.27467313027623,22.2
2,3.4217,17.8,396.9,5.5,0.0566,0.0,7.007,3.336476815495269,0.8667778923471177,86.3,270.34719077720456,23.6
2,3.4145,17.8,396.06,5.7,0.05302,0.0,7.079,3.206216345877196,0.4385259896326567,63.1,270.0601081882306,28.7
2,3.0923,17.8,392.18,8.81,0.04684,0.0,6.417,3.439520890890688,0.48608576220894717,66.1,269.81054117475395,22.6
2,3.0921,17.8,393.55,8.2,0.03932,0.0,6.405,3.420028619590893,0.3844520019910425,73.9,270.4138039939834,22.0
4,3.6659,18.2,395.01,8.16,0.04203,28.0,6.442,15.008935224487043,0.582038571944078,53.6,269.9802493903296,22.9
4,3.6659,18.2,396.33,6.21,0.02875,28.0,6.211,14.845563728568408,0.34383279001180206,28.9,269.6938958093471,25.0
4,3.615,18.2,396.9,10.59,0.04294,28.0,6.249,15.04074706164141,0.4576789326290073,77.3,270.41267968757217,20.6
2,3.4952,18.0,357.98,6.65,0.12204,0.0,6.625,2.769600049602752,0.3043269430817046,57.8,276.4310472519633,28.4
2,3.4952,18.0,391.83,11.34,0.11504,0.0,6.163,2.9584205487029798,0.38353060010055945,69.6,276.0573732863968,21.4
2,3.4952,18.0,396.9,4.21,0.12083,0.0,8.069,2.9031300748509934,0.4231409384717186,76.0,276.8065492811114,38.7
2,3.4952,18.0,393.53,3.57,0.08187,0.0,7.82,2.7408155152217306,0.25297534520729326,36.9,276.0776528049149,43.8
2,3.4952,18.0,396.9,6.19,0.0686,0.0,7.416,2.807737465743529,0.4152756609347286,62.5,276.02855060563985,33.2
5,2.7778,20.9,394.76,9.42,0.14866,0.0,6.727,8.669028011350518,0.5528224393556067,79.9,383.9480364539928,27.5
5,2.8561,20.9,395.58,7.67,0.11432,0.0,6.781,8.231513485962031,0.5725436701133785,71.3,384.6036192542517,26.5
5,2.7147,20.9,70.8,10.63,0.22876,0.0,6.405,8.6221851233686,0.4618768775233965,85.4,382.9833988775607,18.6
5,2.7147,20.9,394.47,13.44,0.21161,0.0,6.137,8.68339868784345,0.7010572229780128,87.4,384.4007205223549,19.3
5,2.421,20.9,392.69,12.33,0.1396,0.0,6.167,8.36661744820765,0.48985647468297827,90.0,384.7464425502955,20.1
5,2.1069,20.9,394.05,16.47,0.13262,0.0,5.851,8.582801043709843,0.3679263578785499,96.7,382.7578465686619,19.5
5,2.211,20.9,395.67,18.66,0.1712,0.0,5.836,8.761028190361905,0.34637308918639864,91.9,383.7617066489499,19.5
5,2.1224,20.9,387.69,14.09,0.13117,0.0,6.127,8.732494360100068,0.5984075304932409,85.2,384.3678076373892,20.4
5,2.4329,20.9,395.24,12.27,0.12802,0.0,6.474,8.636786005601301,0.6002837800913766,97.1,384.53893766154863,19.8
5,2.5451,20.9,391.23,15.55,0.26363,0.0,6.229,8.66736985986193,0.48970143645564457,91.2,383.91607966249313,19.4
5,2.7778,20.9,393.49,13.0,0.10793,0.0,6.195,8.296455805573439,0.6163437406980005,54.4,384.55120824632974,21.7
6,2.6775,17.8,395.59,10.16,0.10084,0.0,6.715,9.792360200136143,0.6954429282858037,81.6,432.89026676772284,22.8
6,2.3534,17.8,394.95,16.21,0.12329,0.0,5.913,10.056533795691436,0.44508486633724675,92.9,431.7843449583687,18.8
6,2.548,17.8,396.9,17.09,0.22212,0.0,6.092,10.30989401348432,0.6910571015094699,95.4,430.9624461195567,18.7
6,2.2565,17.8,388.74,10.45,0.14231,0.0,6.254,10.106460774615588,0.26761066077923257,84.2,432.8027454909636,18.5
6,2.4631,17.8,344.91,15.76,0.17134,0.0,5.928,9.938781381749548,0.44825783652417744,88.2,431.4713604986272,18.3
6,2.7301,17.8,393.3,12.04,0.13158,0.0,6.176,9.958335897379769,0.54977465277251,72.5,431.9395845466828,21.2
6,2.7474,17.8,394.51,10.3,0.15098,0.0,6.021,9.91102798098315,0.7153789126726683,82.6,431.7837703962908,19.2
6,2.4775,17.8,338.63,15.37,0.13058,0.0,5.872,9.944525636422098,0.6177449753429374,73.1,432.25293175026263,20.4
6,2.7592,17.8,391.5,13.61,0.14476,0.0,5.731,9.970941663831024,0.7759452466038284,65.2,432.44906566831344,19.3
2,2.2577,19.1,389.15,14.37,0.06899,0.0,5.87,25.645675476100003,0.43204203608794056,69.7,186.95439345682496,22.0
2,2.1974,19.1,377.67,14.27,0.07165,0.0,6.004,25.5718759408576,0.2916725093733273,84.1,187.52821881699495,20.3
2,2.0869,19.1,378.09,17.93,0.09299,0.0,5.961,25.6391831320546,0.6850441803302237,92.9,188.8494013835628,20.5
2,1.9444,19.1,370.31,25.41,0.15038,0.0,5.856,25.66773226661564,0.4532424256812952,97.0,187.92874062586057,17.3
2,2.0063,19.1,379.38,17.58,0.09849,0.0,5.879,25.311417244412368,0.6391986019808598,95.8,188.05739642664443,18.8
2,1.9929,19.1,385.02,14.81,0.16902,0.0,5.986,25.71828172732566,0.45043167871303225,88.4,187.7261129015815,21.4
2,1.7572,19.1,359.29,27.26,0.38735,0.0,5.613,25.708124216161508,0.575545623740764,95.6,188.77474341029662,15.7
4,1.7883,21.2,392.11,17.19,0.25915,0.0,5.693,21.95247652624947,0.7799348910930238,96.0,436.51268344115744,16.2
4,1.8125,21.2,396.9,15.39,0.32543,0.0,6.431,21.960262983669832,0.6317766789939218,98.8,436.7425335832302,18.0
4,1.9799,21.2,396.9,18.34,0.88125,0.0,5.637,21.96457490440155,0.6053633013156765,94.7,436.52823061438755,14.3
4,2.1185,21.2,395.04,12.6,0.34006,0.0,6.458,21.93759901621059,0.5685703721064802,98.9,436.2647802709569,19.2
4,2.271,21.2,396.9,12.26,1.19294,0.0,6.326,22.021712006942234,0.6725219275222012,97.7,437.33393986231334,19.6
4,2.3274,21.2,385.76,11.12,0.59005,0.0,6.372,21.828148360499952,0.49316771236021506,97.9,436.0640394047528,23.0
4,2.4699,21.2,388.69,15.03,0.32982,0.0,5.822,22.01206412209097,0.6936097093959396,95.4,437.15812035195705,18.4
4,2.346,21.2,262.76,17.31,0.97617,0.0,5.757,21.983590678825156,0.43918759974762706,98.4,436.75152605641944,15.6
4,2.1107,21.2,394.67,16.96,0.55778,0.0,6.335,21.828230257610198,0.8654124180967158,98.2,437.6504608294662,18.1
4,1.9669,21.2,378.25,16.9,0.32264,0.0,5.942,21.987717370751323,0.6765707589137554,93.5,435.600382561799,17.4
4,1.8498,21.2,394.08,14.59,0.35233,0.0,6.454,21.861891453691406,0.5306559475357551,98.4,436.6434340882963,17.1
4,1.6686,21.2,392.04,21.32,0.2498,0.0,5.857,22.076550011581052,0.6473030808899072,98.2,436.8471010644667,13.3
4,1.6687,21.2,396.9,18.46,0.54452,0.0,6.151,22.030476643791427,0.5374270353989858,97.9,437.3861367832296,17.8
4,1.6119,21.2,388.08,24.16,0.2909,0.0,6.174,21.8931772153136,0.6360212736337942,93.6,436.42123120939397,14.0
4,1.4394,21.2,396.9,34.41,1.62864,0.0,5.019,21.75734947198255,0.8069863078496282,100.0,436.26008300803494,14.4
5,1.3216,14.7,396.9,26.82,3.32105,0.0,5.403,19.581551407307487,1.0926470249969178,100.0,402.8350894405056,13.4
5,1.4118,14.7,396.9,26.42,4.0974,0.0,5.468,19.66676118275635,1.0385037554882288,100.0,403.1429151563242,15.6
5,1.3459,14.7,396.9,29.29,2.77974,0.0,4.903,19.541047580365202,0.9939104889932674,97.8,402.54319816266326,11.8
5,1.4191,14.7,172.91,27.8,2.37934,0.0,6.13,19.55326382832436,0.957582074305902,100.0,403.6416780424789,13.8
5,1.5166,14.7,169.27,16.65,2.15505,0.0,5.628,19.527973124734206,0.7847052963283648,100.0,402.6031464910117,15.6
5,1.4608,14.7,391.71,29.53,2.36862,0.0,4.926,19.533782130571065,0.7657127325851131,95.7,402.9950249678302,14.6
5,1.5296,14.7,356.99,28.32,2.33099,0.0,5.186,19.73711927246737,0.8585329830053855,93.8,403.2778400279306,17.8
5,1.5257,14.7,351.85,21.45,2.73397,0.0,5.597,19.48019555150287,0.8979093503708983,94.9,403.3693650806886,15.4
5,1.618,14.7,372.8,14.1,1.6566,0.0,6.122,19.524081181057685,0.8479556175856001,97.3,403.2953373120622,21.5
5,1.5916,14.7,341.6,13.28,1.49632,0.0,5.404,19.572320850426802,0.9516189760471162,100.0,402.89918606531273,19.6
5,1.6102,14.7,343.28,12.12,1.12658,0.0,5.012,19.737081530718672,1.0407238847317442,88.0,402.81011002946394,15.3
5,1.6232,14.7,261.95,15.79,2.14918,0.0,5.709,19.46658515753724,1.1585377068391949,98.5,402.806503730207,19.4
5,1.7494,14.7,321.02,15.12,1.41385,0.0,6.129,19.675350148383387,0.9540020906913104,96.0,401.5155585573783,17.0
5,1.7455,14.7,88.01,15.02,3.53501,0.0,6.152,19.45161520420204,1.0801487436582178,82.6,402.63045229254584,15.6
5,1.7364,14.7,88.63,16.14,2.44668,0.0,5.272,19.649752747632803,0.871325809108794,94.0,403.79007535460954,13.1
5,1.8773,14.7,363.43,4.59,1.22358,0.0,6.943,19.599934468360402,0.7363199746841396,97.4,402.683022207683,41.3
5,1.7573,14.7,353.89,6.43,1.34284,0.0,6.066,19.45943102719643,0.6487485584392018,100.0,403.6691987885886,24.3
5,1.7659,14.7,364.31,7.39,1.42502,0.0,6.51,19.428577643833616,0.6392610431807957,100.0,403.4704571022703,23.3
5,1.7984,14.7,338.92,5.5,1.27346,0.0,6.25,19.532350276284447,0.5934495857967966,92.6,402.9205498313924,27.0
5,1.9709,14.7,374.43,1.73,1.46336,0.0,7.489,19.61950791712317,0.6741692492292239,90.8,402.8155924480981,50.0
5,2.0407,14.7,389.61,1.92,1.83377,0.0,7.802,19.503481584896345,0.5981221698128388,98.2,402.70355400118285,50.0
5,2.162,14.7,388.45,3.32,1.51902,0.0,8.375,19.65827639832375,0.48947185880097427,93.9,403.1109712480891,50.0
5,2.422,14.7,395.11,11.64,2.24236,0.0,5.854,19.805826722351156,0.5129408090203382,91.8,403.9821926357948,22.7
5,2.2834,14.7,240.16,9.81,2.924,0.0,6.101,19.589350671266363,0.481673061680722,93.0,402.94818521230985,25.0
5,2.0459,14.7,369.3,3.7,2.01019,0.0,7.929,19.583432689554378,0.36332611519518765,96.2,403.4675034916769,50.0
5,2.4259,14.7,227.61,12.14,1.80028,0.0,5.877,19.565654634678705,0.4650749673763804,79.2,403.9745349642212,23.8
5,2.1,14.7,297.09,11.1,2.3004,0.0,6.319,19.67616552428187,0.5753174741822782,96.1,403.4777231294735,23.8
5,2.2625,14.7,330.04,11.32,2.44953,0.0,6.402,19.446553797355914,0.41136955754950283,95.2,402.643632405467,22.3
5,2.4259,14.7,292.29,14.43,1.20742,0.0,5.875,19.793092379521493,0.5795069383484671,94.6,403.06375967503703,17.4
5,2.3887,14.7,348.13,12.03,2.3139,0.0,5.88,19.449321900727767,0.5076630466688622,97.3,403.23066159804245,19.1
5,2.5961,16.6,396.9,14.69,0.13914,0.0,5.572,4.11380277878365,0.6683917615958819,88.5,295.6894449678786,23.1
5,2.6463,16.6,395.5,9.04,0.09178,0.0,6.416,4.014541088341526,0.552066411393751,84.1,296.3588979994929,23.6
5,2.7019,16.6,393.23,9.64,0.08447,0.0,5.859,4.125932094253998,0.5864862612339503,68.7,296.4538717065241,22.6
5,3.1323,16.6,390.96,5.33,0.06664,0.0,6.546,3.9596327045669857,0.6555977533014281,33.1,295.90242892008973,29.4
5,3.5549,16.6,393.23,10.11,0.07022,0.0,6.02,4.1631857243152695,0.5075119643318347,47.2,296.2119842206251,23.2
5,3.3175,16.6,395.6,6.29,0.05425,0.0,6.315,3.9697873950412257,0.3824395778753059,73.4,296.5995310294086,24.6
5,2.9153,16.6,391.27,6.92,0.06642,0.0,6.86,3.9723057314362857,0.4285267205569929,74.4,295.64617620875714,29.9
3,2.829,17.8,396.9,5.04,0.0578,0.0,6.98,2.5599929887632333,0.39816189735865476,58.4,193.85767755194885,37.2
3,2.741,17.8,395.56,7.56,0.06588,0.0,7.765,2.470670737186163,0.5243002834128584,83.3,192.20423804497497,39.8
3,2.5979,17.8,396.9,9.45,0.06888,0.0,6.144,2.4421839191302896,0.5093502148522607,62.2,193.18314071422992,36.2
3,2.7006,17.8,394.12,4.82,0.09103,0.0,7.155,2.6131052939244452,0.43752511754469064,92.2,193.3195950823874,37.9
3,2.847,17.8,396.9,5.68,0.10008,0.0,6.563,2.3847128136027407,0.4980684025130348,95.6,192.68765687827317,32.5
3,2.9879,17.8,391.0,13.98,0.08308,0.0,5.604,2.2218430584638154,0.47930554045420215,89.8,192.30186088216166,26.4
3,3.2797,17.8,387.11,13.15,0.06047,0.0,6.153,2.416385789308709,0.35507718869265015,68.8,193.23568589572636,29.6
3,3.1992,17.8,392.63,4.45,0.05602,0.0,7.831,2.374961154690979,0.49741937822581667,53.6,192.90418085913964,50.0
5,3.7886,15.2,393.87,6.68,0.07875,45.0,6.782,3.5155802307336077,0.3200473169244185,41.1,398.32760068424454,32.0
5,4.5667,15.2,382.84,4.56,0.12579,45.0,6.556,3.4153352752043626,0.4404707617801881,29.1,397.52449741378547,29.8
5,4.5667,15.2,396.9,5.39,0.0837,45.0,7.185,3.2094820944192026,0.20485179984154003,38.9,397.3957538504279,34.9
5,6.4798,15.2,377.68,5.1,0.09068,45.0,6.951,3.531502663055756,0.39871078127343246,21.5,398.6084816536616,37.0
5,6.4798,15.2,389.71,4.69,0.06911,45.0,6.739,3.2291995721215336,0.6227142634970988,30.8,397.71472445952463,30.5
5,6.4798,15.2,390.49,2.87,0.08664,45.0,7.178,3.430074643511306,0.4692153120225846,26.3,398.3236746658515,36.4
1,6.2196,15.6,393.37,5.03,0.02187,60.0,6.8,2.7728168882837196,0.23759283438977777,9.9,265.10046232587047,31.1
1,6.2196,15.6,376.7,4.38,0.01439,60.0,6.604,2.977321214222811,0.48123221168491237,18.8,264.7431874983853,29.1
4,5.6484,14.4,394.23,2.97,0.01381,80.0,7.875,0.47290489266820646,0.3872929904468826,32.0,255.90084157937846,50.0
2,7.309,12.6,396.9,4.08,0.04011,80.0,7.287,1.4048970992439789,0.39512704669910165,34.1,328.9781878337473,33.3
2,7.309,12.6,354.31,8.61,0.04666,80.0,7.107,1.5869256349589531,0.5462057352291558,36.6,329.1904687346745,30.3
2,7.309,12.6,392.2,6.62,0.03768,80.0,7.274,1.6189760934041015,0.21525856495852647,38.3,328.3102149229011,34.6
3,7.6534,17.0,396.9,4.56,0.0315,95.0,6.975,1.4099804922145647,0.38652752467789264,15.3,402.42124972704465,34.9
3,7.6534,17.0,384.3,4.45,0.01778,95.0,7.135,1.5216670947366566,0.4225833018212265,13.9,401.8539162630439,32.9
2,6.27,14.7,393.77,7.43,0.03445,82.5,6.162,2.0881114835505143,0.4598853053342854,38.4,348.7006646307956,24.1
2,6.27,14.7,395.38,3.11,0.02177,82.5,7.61,2.098943247483907,0.3098078256856594,15.7,347.99037409695563,42.3
4,5.118,14.7,392.78,3.81,0.0351,95.0,7.853,2.5285928707909027,0.6320938952230073,33.2,224.41909269847199,48.5
4,5.118,14.7,390.55,2.88,0.02009,95.0,8.034,2.801651034139032,0.2573299667526965,31.9,224.42681933431723,50.0
4,3.9454,18.6,396.9,10.87,0.13642,0.0,5.891,10.764691582209958,0.18533748273931006,22.3,277.8149235711087,22.6
4,4.3549,18.6,394.87,10.97,0.22969,0.0,6.326,10.93257299399209,0.5403051174188342,52.5,277.27458414775805,24.4
4,4.3549,18.6,389.43,18.06,0.25199,0.0,5.783,10.508944863806208,0.430805774721249,72.7,276.3493050590837,22.5
4,4.2392,18.6,381.32,14.66,0.13587,0.0,6.064,10.494228808923108,0.459828572466076,59.1,277.376329143584,24.4
4,3.875,18.6,396.9,23.09,0.43571,0.0,5.344,10.58109127936881,0.4201331173857622,100.0,277.6939360582468,20.0
4,3.8771,18.6,393.25,17.27,0.17446,0.0,5.96,10.669466482592878,0.5111051619462607,92.1,278.35358146124076,21.7
4,3.665,18.6,395.24,23.98,0.37578,0.0,5.404,10.4495936759419,0.5614187414821767,88.6,275.7620196402226,19.3
4,3.6526,18.6,390.94,16.03,0.21719,0.0,5.807,10.666187344823937,0.6254956730425174,53.8,277.57158438375353,22.4
4,3.9454,18.6,385.81,9.38,0.14052,0.0,6.375,10.7629699308484,0.5834763273534919,32.3,276.9556101439207,28.1
4,3.5875,18.6,348.93,29.55,0.28955,0.0,5.412,10.744456729631779,0.4860735934306286,9.8,277.15195570464476,23.7
4,3.9454,18.6,393.63,9.47,0.19802,0.0,6.182,10.790683482769438,0.6495129553892625,42.4,277.353263934995,25.0
5,3.1121,16.4,392.8,13.51,0.0456,0.0,5.888,13.679001883244151,0.5583983124235947,56.0,275.6447851256835,23.3
5,3.4211,16.4,392.78,9.69,0.07013,0.0,6.642,13.791951063478113,0.550142453186124,85.1,276.09576489208644,28.7
5,2.8893,16.4,396.9,17.92,0.11069,0.0,5.951,13.881806269703741,0.7159831223773192,93.8,276.44653974284694,21.5
5,3.3633,16.4,393.74,10.5,0.11425,0.0,6.373,14.016677020840174,0.4920318345177124,92.4,276.5394602482095,23.0
8,2.8617,17.4,391.7,9.71,0.35809,0.0,6.951,6.120631075307675,0.4218431811873755,88.5,306.64589304596046,26.7
8,3.048,17.4,395.24,21.46,0.40771,0.0,6.164,6.352194532777021,0.4824370696426067,91.3,307.6337026074884,21.7
8,3.2721,17.4,390.39,9.93,0.62356,0.0,6.879,6.298614665962079,0.4026984019277776,77.7,307.3458867026106,27.5
8,3.2721,17.4,396.9,7.6,0.6147,0.0,6.618,6.304304269556289,0.5029971283059885,80.8,305.481477351876,30.1
8,2.8944,17.4,385.05,4.14,0.31533,0.0,8.266,6.130646548578666,0.38005443132870254,78.3,307.3044216578898,44.8
8,2.8944,17.4,382.0,4.63,0.52693,0.0,8.725,6.225787704774268,0.6686336287633587,83.0,306.6595838295508,50.0
8,3.2157,17.4,387.38,3.13,0.38214,0.0,8.04,6.1329196710558795,0.5686209865424013,86.5,308.1722369461134,37.6
8,3.2157,17.4,372.08,6.36,0.41238,0.0,7.163,6.199741269163483,0.5054735967984164,79.9,307.15668989071736,31.6
8,3.3751,17.4,377.51,3.92,0.29819,0.0,7.686,6.262128793701028,0.49371865682546134,17.0,306.7052184915061,46.7
8,3.3751,17.4,380.34,3.76,0.44178,0.0,6.552,6.043526573647266,0.6242666579526102,21.4,307.7816091998002,31.5
8,3.6715,17.4,378.35,11.65,0.537,0.0,5.981,6.244431133512022,0.6264344340948144,68.1,307.6510963458586,24.3
8,3.6715,17.4,376.14,5.25,0.46296,0.0,7.412,5.985257480864781,0.39879035229896065,76.9,306.5963343148071,31.7
8,3.8384,17.4,385.91,2.47,0.57529,0.0,8.337,6.125218690783397,0.6715978948425517,73.3,307.1595662859654,41.7
8,3.6519,17.4,378.95,3.95,0.33147,0.0,8.247,6.278938397637763,0.6640663045548876,70.4,308.03393721037725,48.3
8,3.6519,17.4,360.2,8.05,0.44791,0.0,6.726,6.271021573487062,0.5922362519510525,66.5,306.27141275487674,29.0
8,3.6519,17.4,376.75,10.88,0.33045,0.0,6.086,6.011746375951285,0.4611612269243788,61.5,306.61126281421065,24.0
8,4.148,17.4,388.45,9.54,0.52058,0.0,6.631,6.452362460274385,0.6141738940807429,76.5,306.8623620601555,25.1
8,4.148,17.4,390.07,4.73,0.51183,0.0,7.358,6.202268299978553,0.6858404757206654,71.6,306.8107316747876,31.5
6,6.1899,16.6,379.41,6.36,0.08244,30.0,6.481,5.125031404141252,0.3439665306244113,18.5,300.18984928049804,23.7
6,6.1899,16.6,383.78,7.37,0.09252,30.0,6.606,5.023017065625253,0.4673624693908029,42.2,301.07988445341596,23.3
6,6.3361,16.6,391.25,11.38,0.11329,30.0,6.897,4.9614621381909085,0.49920152517675526,54.3,300.403894699707,22.0
6,6.3361,16.6,394.62,12.4,0.10612,30.0,6.095,4.910266956045071,0.41833787726439997,65.1,300.089819304176,20.1
6,7.0355,16.6,372.75,11.22,0.1029,30.0,6.358,4.8885253954061225,0.35541709229568097,52.9,300.4447048593327,22.2
6,7.0355,16.6,374.71,5.19,0.12757,30.0,6.393,4.899372481049673,0.46115427129581427,7.8,300.26612211818286,23.7
7,7.9549,19.1,372.49,12.5,0.20608,22.0,5.593,6.0191250509636545,0.7465832886593805,76.5,330.3530947358054,17.6
7,7.9549,19.1,389.13,18.46,0.19133,22.0,5.605,5.552604873552364,0.44320079320242095,70.2,330.5198412327049,18.5
7,8.0555,19.1,390.18,9.16,0.33983,22.0,6.108,5.874981616764197,0.3940465708672568,34.9,330.0235802362511,24.3
7,8.0555,19.1,376.14,10.15,0.19657,22.0,6.226,6.006519143180911,0.5153800821422063,79.2,330.1004427157671,20.5
7,7.8265,19.1,374.71,9.52,0.16439,22.0,6.433,5.65751053281196,0.4295896729061024,49.1,329.4648321207359,24.5
7,7.8265,19.1,393.74,6.56,0.19073,22.0,6.718,5.826201498104005,0.5316138710136296,17.5,330.3991130458848,26.2
7,7.3967,19.1,396.28,5.9,0.1403,22.0,6.487,6.099101340612989,0.3224886914894346,13.0,329.9090744692909,24.4
7,7.3967,19.1,377.07,3.59,0.21409,22.0,6.438,6.032805697909229,0.5647885567966198,8.9,330.57896467479884,24.8
7,8.9067,19.1,386.09,3.53,0.08221,22.0,6.957,5.938204535769649,0.2534996760446774,6.8,330.5867354630884,29.6
7,8.9067,19.1,396.9,3.54,0.36894,22.0,8.259,5.783087288643605,0.2387559969847844,8.4,330.4157253308248,42.8
1,9.2203,16.4,392.89,6.57,0.04819,80.0,6.108,3.5703816602907597,0.5137464466633832,32.0,315.00475018457456,21.9
1,9.2203,16.4,395.18,9.25,0.03548,80.0,5.876,3.7409929006134677,0.4030271852792575,19.1,314.4899869518009,20.9
3,6.3361,15.9,386.34,3.11,0.01538,90.0,7.454,3.787820962121978,0.4077777293868353,34.2,243.94078633454208,44.0
5,1.801,13.0,389.7,5.12,0.61154,20.0,8.704,3.8696097599494013,0.382588048914344,86.9,264.2596552846138,50.0
5,1.8946,13.0,383.29,7.79,0.66351,20.0,7.333,3.8909061858995733,0.6971354352279301,100.0,263.51130102965686,36.0
5,2.0107,13.0,391.93,6.9,0.65665,20.0,6.842,3.7693502069485794,0.5218881973557438,100.0,264.35896510315274,30.1
5,2.1121,13.0,392.8,9.59,0.54011,20.0,7.203,3.87832964982933,0.7836975280161422,81.8,263.6692664465196,33.8
5,2.1398,13.0,388.37,7.26,0.53412,20.0,7.52,4.035337995056655,0.4540621226076227,89.4,264.6202317134882,43.1
5,2.2885,13.0,386.86,5.91,0.52014,20.0,8.398,3.8460775078852962,0.7817283796877632,91.5,263.48496288012,48.8
5,2.0788,13.0,393.42,11.25,0.82526,20.0,7.327,4.041222202070484,0.48672697400408227,94.5,264.0776664493857,31.0
5,1.9301,13.0,387.89,8.1,0.55007,20.0,7.206,4.132649168572969,0.6046837641705696,91.6,264.0321571888613,36.5
5,1.9865,13.0,392.4,10.45,0.76162,20.0,5.56,3.78558933328869,0.7529966589962404,62.8,263.96013130905976,22.8
5,2.1329,13.0,384.07,14.79,0.7857,20.0,7.014,4.099117745925328,0.6612558424692361,84.6,263.9079075540802,30.7
5,2.4216,13.0,384.54,7.44,0.57834,20.0,8.297,3.9071810116533285,0.6179063003368188,67.0,263.8147657495386,50.0
5,2.872,13.0,390.3,3.16,0.5405,20.0,7.47,3.9458059888429315,0.5403644265321343,52.6,263.3730805622888,43.5
3,3.9175,18.6,391.34,13.65,0.09065,20.0,5.92,7.026366646498453,0.4065264140208865,61.5,223.57161223708363,20.7
3,4.429,18.6,388.65,13.0,0.29916,20.0,5.856,7.068970529626228,0.5845730556236767,42.1,223.1143514776385,21.1
3,4.429,18.6,396.9,6.59,0.16211,20.0,6.24,6.877294263753285,0.5249440576904301,16.3,223.16675185283353,25.2
3,3.9175,18.6,394.96,7.73,0.1146,20.0,6.538,6.7270011326670405,0.6163879643161294,58.7,222.42673784739324,24.4
3,4.3665,18.6,390.77,6.58,0.22188,20.0,7.691,6.8814996074797,0.4873927874613269,51.8,222.42059442521392,35.2
4,4.0776,17.6,396.9,3.53,0.05644,40.0,6.758,6.563082613574045,0.5243164824626215,32.9,253.53643526421953,32.4
4,4.2673,17.6,396.9,2.98,0.09604,40.0,6.854,6.749750532708118,0.4153660408533736,42.8,253.65893939265462,32.0
4,4.7872,17.6,389.25,6.05,0.10469,40.0,7.267,6.522370386216417,0.30447845952070485,49.0,253.53453380064744,33.2
4,4.8628,17.6,393.45,4.16,0.06127,40.0,6.826,6.406555767537035,0.4820323464320295,27.6,255.10602440069394,33.1
4,4.1403,17.6,396.9,7.19,0.07978,40.0,6.482,6.329069819946219,0.32953309427510846,32.1,253.72862319421557,29.1
5,4.1007,14.9,396.9,4.85,0.21038,20.0,6.812,3.369454324918268,0.5142865084842889,32.2,215.73158296858585,35.1
5,4.6947,14.9,387.31,3.76,0.03578,20.0,7.82,3.2878544749782974,0.3336298844950476,64.5,216.08216765473813,45.4
5,5.2447,14.9,392.23,4.59,0.03705,20.0,6.968,3.280625608398018,0.4973405961390557,37.2,216.26740421376437,35.4
5,5.2119,14.9,377.07,3.01,0.06129,20.0,7.645,3.3124266765482493,0.4975721681469185,49.7,216.35769433408376,46.0
1,5.885,13.6,395.52,3.16,0.01501,90.0,7.923,1.2516227304864036,0.23182496586171372,24.8,197.77721037817486,50.0
1,7.3073,15.3,394.72,7.85,0.00906,90.0,7.088,3.3174356697180354,0.24908618017437492,20.8,285.2253340171907,32.2
1,7.3073,15.3,394.72,8.23,0.01096,55.0,6.453,2.152169994084358,0.24500055008534385,31.9,300.682660254792,22.0
1,9.0892,18.2,341.6,12.93,0.01965,80.0,6.23,1.7305579276817764,0.2477260954566999,31.5,240.52183230356806,20.1
6,7.3172,16.6,396.9,7.14,0.03871,52.5,6.209,5.369442833684607,0.4200472574736445,31.3,292.7533274790589,23.2
6,7.3172,16.6,396.9,7.6,0.0459,52.5,6.315,5.355908634193344,0.23409509751891433,45.6,293.79994890984693,22.3
6,7.3172,16.6,371.72,9.51,0.04297,52.5,6.565,5.29176597779124,0.5572446242995976,22.9,293.5371874464237,24.8
4,5.1167,19.2,396.9,3.33,0.03502,80.0,6.861,4.84413178930508,0.39888472271868736,27.9,244.88877168796355,28.5
4,5.1167,19.2,396.9,3.56,0.07886,80.0,7.148,5.091009386757786,0.34778969923414566,27.7,245.49247712262718,37.3
4,5.1167,19.2,396.9,4.7,0.03615,80.0,6.63,5.0044120215682035,0.33875773890456445,23.4,245.01685605670212,27.9
4,5.5027,16.0,396.9,8.58,0.08265,0.0,6.127,13.98245848669388,0.4781032525986114,18.4,288.8987528046421,23.9
4,5.5027,16.0,396.9,10.4,0.08199,0.0,6.009,13.74075244408139,0.41569041878835533,42.3,289.1907397469074,21.7
4,5.9604,16.0,396.9,6.27,0.12932,0.0,6.678,14.043290103336869,0.2609953871501528,31.1,288.71378562080434,28.6
4,5.9604,16.0,392.85,7.39,0.05372,0.0,6.549,13.999722144301328,0.4221872343211387,51.0,289.35615092943436,27.1
4,6.32,16.0,396.9,15.84,0.14103,0.0,5.79,14.179014628604515,0.4163373046301964,58.0,289.0501443840277,20.3
5,7.8278,14.8,368.24,4.97,0.06466,70.0,6.345,2.2300304398996826,0.36078645026399847,20.1,358.55283579863726,22.5
5,7.8278,14.8,371.58,4.74,0.05561,70.0,7.041,2.222765360503283,0.4997887805455033,10.0,358.7436747482103,29.0
5,7.8278,14.8,390.86,6.07,0.04417,70.0,6.871,2.367178378832567,0.26645005223642093,47.4,357.9388187711638,24.8
7,5.4917,16.1,395.75,9.5,0.03537,34.0,6.59,6.269191357074066,0.385165770190233,40.4,329.8194308778473,22.0
7,5.4917,16.1,383.61,8.67,0.09266,34.0,6.495,6.085400334414996,0.3001470880896153,18.4,329.0511406638444,26.4
7,5.4917,16.1,390.43,4.86,0.1,34.0,6.982,6.185853302390405,0.37118294219888986,17.7,329.44083257101585,33.1
7,4.022,18.4,393.68,6.93,0.05515,33.0,7.236,2.3447420134710604,0.5063318293538824,41.1,221.11454128142094,36.1
7,3.37,18.4,393.36,8.93,0.05479,33.0,6.616,1.9684081267310838,0.5758432279301181,58.1,221.6535848963397,28.4
7,3.0992,18.4,396.9,6.47,0.07503,33.0,7.42,1.9844496629821302,0.46416621508126477,71.9,222.29672459321577,33.4
7,3.1827,18.4,396.9,7.53,0.04932,33.0,6.849,1.969617861412885,0.424578719053356,70.3,222.20066095317216,28.2
4,3.3175,18.4,396.9,4.54,0.49298,0.0,6.635,10.19872173847687,0.35897522691312167,82.5,304.4032042494264,22.8
4,3.1025,18.4,396.24,9.97,0.3494,0.0,5.972,9.82758446220276,0.5131803188496974,76.7,303.940238342798,20.3
4,2.5194,18.4,350.45,12.64,2.63548,0.0,4.973,9.915628045178737,0.3320164545271962,37.8,303.99644654624785,16.1
4,2.6403,18.4,396.9,5.98,0.79041,0.0,6.122,9.988461006327595,0.5024594158278608,52.8,304.4853604496641,22.1
4,2.834,18.4,396.3,11.72,0.26169,0.0,6.023,9.964035658939936,0.45341756189801763,90.4,304.4733266794744,19.4
4,3.2628,18.4,393.39,7.9,0.26938,0.0,6.266,9.755179004001539,0.8158399844876918,82.8,304.2019613252155,21.6
4,3.6023,18.4,395.69,9.28,0.3692,0.0,6.567,10.031200418731038,0.3157955347052467,87.3,303.96385599768354,23.8
4,3.945,18.4,396.42,11.5,0.25356,0.0,5.705,9.756420566402868,0.4871064508925445,77.7,303.4088452463502,16.2
4,3.9986,18.4,390.7,18.33,0.31827,0.0,5.914,9.928458241996541,0.4465771917282727,83.2,304.1790365184349,17.8
4,4.0317,18.4,396.9,15.94,0.24522,0.0,5.782,9.741084975333555,0.6477964694040013,71.7,304.02129421274475,19.8
4,3.5325,18.4,395.21,10.36,0.40202,0.0,6.382,10.069291905922668,0.5071243095642975,67.2,304.78969028292687,23.1
4,4.0019,18.4,396.23,12.73,0.47547,0.0,6.113,9.964494650342905,0.6411965406737172,58.8,303.4660457560845,21.0
5,4.5404,19.6,396.9,7.2,0.1676,0.0,6.426,7.493247884663371,0.12435838765850055,52.3,286.34655150321055,23.8
5,4.5404,19.6,396.9,6.87,0.18159,0.0,6.376,7.61570924841591,0.5363142524853665,54.3,287.1605103397495,23.1
5,4.7211,19.6,396.9,7.7,0.35114,0.0,6.041,7.437893125085102,0.46662552535307983,49.9,285.9621309634499,20.4
5,4.7211,19.6,391.13,11.74,0.28392,0.0,5.708,7.46257275216607,0.5326458864166126,74.3,287.1040418413567,18.5
5,4.7211,19.6,396.9,6.12,0.34109,0.0,6.415,7.553818386048746,0.5523807415328815,40.1,286.8502560762138,25.0
5,5.4159,19.6,393.68,5.08,0.19186,0.0,6.431,7.216921094043141,0.6474985158558892,14.7,287.5915668605714,24.6
5,5.4159,19.6,396.9,6.15,0.30347,0.0,6.312,7.24098396232881,0.5218520303727551,28.9,287.03999016840834,23.0
5,5.4159,19.6,396.9,12.79,0.24103,0.0,6.083,7.217667199523856,0.4610381448568094,43.7,287.1996558455329,22.2
4,5.2146,16.9,382.44,9.97,0.06617,0.0,5.868,2.994760884169823,0.3472003582318295,25.8,430.4495691724946,19.3
4,5.2146,16.9,375.21,7.34,0.06724,0.0,6.333,3.199287409959977,0.40316215775386066,17.2,429.61019370020017,22.6
4,5.8736,16.9,368.57,9.09,0.04544,0.0,6.144,3.1582671667455444,0.42430423921698934,32.2,430.0286514709488,19.8
1,6.6407,16.9,394.02,12.43,0.05023,35.0,5.706,6.014356143916837,0.5102111672513383,28.4,302.90676298963757,17.1
1,6.6407,16.9,362.25,7.83,0.03466,35.0,6.031,5.871659033930293,0.3556109534703651,23.3,303.65431431954573,19.4
5,6.4584,20.2,389.71,5.68,0.05083,0.0,6.316,4.960707935766757,0.457237913836565,38.1,224.57089066419803,22.2
5,6.4584,20.2,389.4,6.75,0.03738,0.0,6.31,5.0170662119454175,0.38991994197486246,38.5,224.3365388072469,20.7
5,5.9853,20.2,396.9,8.01,0.03961,0.0,6.037,5.105259995946622,0.3319568977826558,34.5,223.73777877343275,21.1
5,5.2311,20.2,396.9,9.8,0.03427,0.0,5.869,5.255370981162814,0.6453233404446651,46.3,223.87775380813045,19.5
5,5.615,20.2,394.81,10.56,0.03041,0.0,5.895,5.337569333507517,0.38149507185504355,59.6,223.744696383737,18.5
5,4.8122,20.2,396.14,8.51,0.03306,0.0,6.059,5.351597768410518,0.6521649632853312,37.3,223.31561564435128,20.6
5,4.8122,20.2,396.9,9.74,0.05497,0.0,5.985,5.449736989041392,0.4803426177763072,45.4,224.85810652119,19.0
5,4.8122,20.2,396.9,9.29,0.06151,0.0,5.968,5.221288052680418,0.5406224823165473,58.5,224.1132880004084,18.7
1,7.0379,15.5,394.74,5.49,0.01301,35.0,7.241,1.6104341258094277,0.470167962922298,49.3,283.5975357343261,32.7
1,6.2669,15.9,389.96,8.65,0.02498,0.0,6.54,1.759798945868381,0.6574991788633853,59.7,421.2132486097684,16.5
5,5.7321,17.6,396.9,7.18,0.02543,55.0,6.696,3.904579547783378,0.38386335726949333,56.4,369.92294652107324,23.9
5,6.4654,17.6,387.97,4.61,0.03049,55.0,6.874,4.117395506315782,0.3953761449998229,28.1,369.2864673232589,31.2
3,8.0136,18.8,385.64,10.53,0.03113,0.0,6.014,4.257560730206114,0.6937748646022279,48.5,352.50526937989997,17.5
3,8.0136,18.8,364.61,12.67,0.06162,0.0,5.898,4.365547193904967,0.5402950973852845,52.3,352.4701052268429,17.2
4,8.5353,17.9,392.43,6.36,0.0187,85.0,6.516,4.074228780271869,0.5434584675096167,27.7,350.5194242594279,23.1
4,8.344,17.0,390.94,5.99,0.01501,80.0,6.635,2.0101101637630574,0.5365060150099425,29.7,279.7261815447917,24.5
1,8.7921,19.7,389.85,5.89,0.02899,40.0,6.939,1.1805795584773582,0.4241006305240375,34.5,334.93390387609463,26.6
1,8.7921,19.7,396.9,5.98,0.06211,40.0,6.49,1.2507564539330505,0.33962601089156885,44.4,335.44530155418096,22.9
4,10.7103,18.3,370.78,5.49,0.0795,60.0,6.579,1.7619309844032363,0.42194405864933426,35.9,411.17498082517767,24.1
4,10.7103,18.3,392.33,7.79,0.07244,60.0,5.884,1.6345293742124578,0.26184497649489585,18.5,411.40506216931095,18.6
5,12.1265,17.0,384.46,4.5,0.01709,90.0,6.728,1.7253472374587226,0.2135372780218402,36.1,186.7650745209177,30.1
4,10.5857,22.0,382.8,8.05,0.04301,80.0,5.663,1.8997048621509323,0.37746155689256333,21.9,333.9268754910461,18.2
4,10.5857,22.0,376.04,5.57,0.10659,80.0,5.936,1.9205451981939055,0.6743302131470674,19.5,334.45426939875546,20.6
24,2.1222,20.2,377.73,17.6,8.98296,0.0,6.212,18.17850625523977,0.6739493405722292,97.4,666.0584619905665,17.8
24,2.5052,20.2,391.34,13.27,3.8497,0.0,6.395,18.076982224111184,0.6871910010473055,91.0,666.2174537872016,21.7
24,2.7227,20.2,395.43,11.48,5.20177,0.0,6.127,18.131597169899724,0.8190200367381179,83.4,666.4827724117077,22.7
24,2.5091,20.2,390.74,12.67,4.26131,0.0,6.112,17.835271603240763,0.9247149596677778,81.3,666.04522358988,22.6
24,2.5182,20.2,374.56,7.79,4.54192,0.0,6.398,18.026698375614753,0.9256314399100884,88.0,665.150623967758,25.0
24,2.2955,20.2,350.65,14.19,3.83684,0.0,6.251,18.238005842598707,0.888014439805277,91.1,665.6956943473507,19.9
24,2.1036,20.2,380.79,10.19,3.67822,0.0,5.362,18.129885707239985,1.0232783675633044,96.2,666.1872660073772,20.8
24,1.9047,20.2,353.04,14.64,4.22239,0.0,5.803,17.878903276926646,0.7954716870294466,89.0,666.5435564187632,16.8
24,1.9047,20.2,354.55,5.29,3.47428,0.0,8.78,18.001496860877978,0.8882173075852555,82.9,666.1441416975156,21.9
24,1.6132,20.2,354.7,7.12,4.55587,0.0,3.561,17.922897977107407,0.6588778749834755,87.9,666.1464945575427,27.5
24,1.7523,20.2,316.03,14.0,3.69695,0.0,4.963,18.003738421247142,0.6528679314396313,91.4,665.0988260521949,21.9
24,1.5106,20.2,131.42,13.33,13.5222,0.0,3.863,18.062960012614745,0.7037891206250972,100.0,665.912774172294,23.1
24,1.3325,20.2,375.52,3.26,4.89822,0.0,4.97,18.16625363780081,0.4354060881674904,100.0,665.7481949302003,50.0
24,1.3567,20.2,375.33,3.73,5.66998,0.0,6.683,18.06604891467943,0.509108033623596,96.8,666.0049550645103,50.0
24,1.2024,20.2,392.05,2.96,6.53876,0.0,7.016,18.130399474712643,0.5324880934494916,97.5,666.080836448401,50.0
24,1.1691,20.2,366.15,9.53,9.2323,0.0,6.216,18.242957862768915,0.7713131037070657,100.0,666.6764556161114,50.0
24,1.1296,20.2,347.88,8.88,8.26725,0.0,5.875,18.026804300432644,0.7488676035330442,89.6,666.4525630983139,50.0
24,1.1742,20.2,396.9,34.77,11.1081,0.0,4.906,18.16541653208418,0.3803968189778846,100.0,665.9828843030906,13.8
24,1.137,20.2,396.9,37.97,18.4982,0.0,4.138,18.192053993270598,0.6051644466496532,100.0,666.581251126585,13.8
24,1.3163,20.2,396.9,13.44,19.6091,0.0,7.313,18.096060162107065,0.6315165165826291,97.9,666.3513068617858,15.0
24,1.3449,20.2,363.02,23.24,15.288,0.0,6.649,18.16714775236219,0.6897347247989241,93.3,665.6038675834897,13.9
24,1.358,20.2,396.9,21.24,9.82349,0.0,6.794,18.118737199607317,0.694656228581334,98.8,666.9694909850249,13.3
24,1.3861,20.2,396.9,23.69,23.6482,0.0,6.38,18.08065851852462,0.7922206039525779,96.2,666.8450344516496,13.1
24,1.3861,20.2,393.74,21.78,17.8667,0.0,6.223,18.02598701329267,0.8735789057566935,100.0,666.0465043067219,10.2
24,1.4165,20.2,396.9,17.21,88.9762,0.0,6.968,18.04891096615878,0.7791958531669296,91.9,666.2389901157632,10.4
24,1.5192,20.2,396.9,21.08,15.8744,0.0,6.545,18.27212201014417,0.6671634466671915,99.1,666.0169373867141,10.9
24,1.5804,20.2,396.9,23.6,9.18702,0.0,5.536,18.039568516251762,0.7658912081567465,100.0,666.6299673064966,11.3
24,1.5331,20.2,396.9,24.56,7.99248,0.0,5.52,17.967533477203652,0.7135725001722827,100.0,665.4742921247296,12.3
24,1.4395,20.2,285.83,30.63,20.0849,0.0,4.368,17.86482678512722,0.8079514053238311,91.2,666.0821784847338,8.8
24,1.4261,20.2,396.9,30.81,16.8118,0.0,5.277,18.248059977465065,0.8465370005060024,98.1,665.9513416846231,7.2
24,1.4672,20.2,396.9,28.28,24.3938,0.0,4.652,18.032773865679513,0.7015664096988884,100.0,666.0062742110028,10.5
24,1.5184,20.2,396.9,31.99,22.5971,0.0,5.0,18.164149754845045,0.6551249029676954,89.5,666.1130202193877,7.4
24,1.5895,20.2,372.92,30.62,14.3337,0.0,4.88,17.98396359004133,0.5676657503931836,100.0,665.7165445388873,10.2
24,1.7281,20.2,396.9,20.85,8.15174,0.0,5.39,18.111750872534024,0.6538354278428703,98.9,665.6290382168698,11.5
24,1.9265,20.2,394.43,17.11,6.96215,0.0,5.713,18.078405707846407,0.5841032394878287,97.0,665.400081986968,15.1
24,2.1678,20.2,378.38,18.76,5.29305,0.0,6.051,18.085803441448878,0.8540071003920077,82.5,665.6641988638685,23.2
24,1.77,20.2,396.9,25.68,11.5779,0.0,5.036,18.194679335852832,0.8441233999960044,97.0,665.8284523382697,9.7
24,1.7912,20.2,396.9,15.17,8.64476,0.0,6.193,18.198756437485866,0.5474650864203772,92.6,666.7014909117414,13.8
24,1.7821,20.2,396.9,16.35,13.3598,0.0,5.887,18.17984140050915,0.7356035125338306,94.7,666.2964357431111,12.7
24,1.7257,20.2,391.98,17.12,8.71675,0.0,6.471,18.10685114850684,0.5016961114962734,98.8,665.3681132419866,13.1
24,1.6768,20.2,396.9,19.37,5.87205,0.0,6.405,18.14046304611524,0.6984522902437905,96.0,665.3132657459302,12.5
24,1.6334,20.2,393.1,19.92,7.67202,0.0,5.747,18.351512399339295,0.7337557367981667,98.9,665.8358021055814,8.5
24,1.4896,20.2,396.9,30.59,38.3518,0.0,5.453,18.099495323839555,0.7507802347339567,100.0,665.7418613040501,5.0
24,1.5004,20.2,338.16,29.97,9.91655,0.0,5.852,17.945676637737282,0.494804354746466,77.8,665.8491246594647,6.3
24,1.5888,20.2,396.9,26.77,25.0461,0.0,5.987,18.100024863134724,0.8966079140424188,100.0,666.2970768568025,5.6
24,1.5741,20.2,396.9,20.32,14.2362,0.0,6.343,18.04785838630887,0.7529525864683836,100.0,665.5659079992332,7.2
24,1.639,20.2,376.11,20.31,9.59571,0.0,6.404,18.187739612673763,0.46071085936431033,100.0,665.6476093793248,12.1
24,1.7028,20.2,396.9,19.77,24.8017,0.0,5.349,18.208594463993897,1.0344774209108307,96.0,666.1380356751387,8.3
24,1.6074,20.2,329.46,27.38,41.5292,0.0,5.531,18.229758660089278,0.631603020456381,85.4,666.0861834279368,8.5
24,1.4254,20.2,384.97,22.98,67.9208,0.0,5.683,18.034143770607642,0.7306027539339706,100.0,665.6107357576947,5.0
24,1.1781,20.2,370.22,23.34,20.7162,0.0,4.138,18.034983063929648,0.5462598208305833,100.0,666.2947502774886,11.9
24,1.2852,20.2,332.09,12.13,11.9511,0.0,5.608,18.239251229692684,0.858209915576023,100.0,666.8542242950966,27.9
24,1.4547,20.2,314.64,26.4,7.40389,0.0,5.617,17.915657236399046,0.5665399803760895,97.9,665.7494134448503,17.2
24,1.4655,20.2,179.36,19.78,14.4383,0.0,6.852,18.203049414515185,0.5353049127610979,100.0,666.575445033137,27.5
24,1.413,20.2,2.6,10.11,51.1358,0.0,5.757,18.13582657566351,0.6330597250935436,100.0,666.3802586596701,15.0
24,1.5275,20.2,35.05,21.22,14.0507,0.0,6.657,18.07098872867185,0.612259735548521,100.0,665.7546870630075,17.2
24,1.5539,20.2,28.79,34.37,18.811,0.0,4.628,18.22396534630155,0.7970563928452521,100.0,666.6658323902412,17.9
24,1.5894,20.2,210.97,20.08,28.6558,0.0,5.155,17.745848508413207,0.535267546662045,100.0,665.0534658123652,16.3
24,1.6582,20.2,88.27,36.98,45.7461,0.0,4.519,18.067091289863093,0.5186700227792314,100.0,665.5613559217257,7.0
24,1.8347,20.2,27.25,29.05,18.0846,0.0,6.434,17.938342176442884,0.41511708238531503,100.0,665.2089912856468,7.2
24,1.8195,20.2,21.57,25.79,10.8342,0.0,6.782,18.175193769151978,0.6814324084316791,90.8,665.9897560258742,7.5
24,1.6475,20.2,127.36,26.64,25.9406,0.0,5.304,18.132336998790358,0.49562023695175234,89.1,666.050499837654,10.4
24,1.8026,20.2,16.45,20.62,73.5341,0.0,5.957,18.272924561499835,0.4993463779523728,100.0,666.1018719447247,8.8
24,1.794,20.2,48.45,22.74,11.8123,0.0,6.824,18.204123071202197,0.5785393923343308,76.5,666.2931447258131,8.4
24,1.8589,20.2,318.75,15.02,11.0874,0.0,6.411,18.051890896291066,0.7741016991496105,100.0,666.9124730503197,16.7
24,1.8746,20.2,319.98,15.7,7.02259,0.0,6.006,18.105815080203367,0.6776893223967357,95.3,666.3235855741799,14.2
24,1.9512,20.2,291.55,14.1,12.0482,0.0,5.648,18.19892383593918,0.60264524497729,87.6,665.739566525265,20.8
24,2.0218,20.2,2.52,23.29,7.05042,0.0,6.103,18.10807315684824,0.5770673829369513,85.1,666.2820177793931,13.4
24,2.0635,20.2,3.65,17.16,8.79212,0.0,5.565,18.055049006250204,0.3326976121270023,70.6,665.6707031431146,11.7
24,1.9096,20.2,7.68,24.39,15.8603,0.0,5.896,18.002681692094193,0.7164368885716184,95.4,666.0552717432383,8.3
24,1.9976,20.2,24.65,15.69,12.2472,0.0,5.837,17.827783041366185,0.604463191224427,59.7,665.2584972072716,10.2
24,1.8629,20.2,18.82,14.52,37.6619,0.0,6.202,18.085729100895353,0.7614247063544336,78.7,666.0159012402287,10.9
24,1.9356,20.2,96.73,21.52,7.36711,0.0,6.193,18.066652228322862,0.8881408529213093,78.1,666.0623868983506,11.0
24,1.9682,20.2,60.72,24.08,9.33889,0.0,6.38,18.089079050354663,0.6086474344228905,95.6,666.3334613524204,9.5
24,2.0527,20.2,83.45,17.64,8.49213,0.0,6.348,18.005319540475273,0.6800647045933071,86.1,667.9483483058075,14.5
24,2.0882,20.2,81.33,19.69,10.0623,0.0,6.833,18.22565985195283,0.6711918797437838,94.3,666.2117885098479,14.1
24,2.2004,20.2,97.95,12.03,6.44405,0.0,6.425,18.080051627046174,0.6212452267468274,74.8,666.1280516433835,16.1
24,2.3158,20.2,100.19,16.22,5.58107,0.0,6.436,18.285661527142086,0.7333852583994701,87.9,666.368877132524,14.3
24,2.2222,20.2,100.63,15.17,13.9134,0.0,6.208,18.218554855372776,0.49932793258606567,95.0,666.2200808380426,11.7
24,2.1247,20.2,109.85,23.27,11.1604,0.0,6.629,18.01991594131618,0.7398229928510164,94.6,665.6371042956164,13.4
24,2.0026,20.2,27.49,18.05,14.4208,0.0,6.461,17.90478208246063,0.8833448730165633,93.3,665.44225818243,9.6
24,1.9142,20.2,9.32,26.45,15.1772,0.0,6.152,18.132528306766236,0.666964045055481,100.0,666.6128475008724,8.7
24,1.8206,20.2,68.95,34.02,13.6781,0.0,5.935,18.169291779688166,0.5939630641694909,87.9,666.1878156846994,8.4
24,1.8172,20.2,396.9,22.88,9.39063,0.0,5.627,18.17293037081512,0.9917986549145725,93.9,665.2004126273755,12.8
24,1.8662,20.2,391.45,22.11,22.0511,0.0,5.818,18.134494880492582,0.8071644712708628,92.4,665.3701474070235,10.5
24,2.0651,20.2,385.96,19.52,9.72418,0.0,6.406,17.91744141467474,0.8346131313462237,97.2,665.5450081395978,17.1
24,2.0048,20.2,395.69,16.59,5.66637,0.0,6.219,18.063104045139,0.6482838783325957,100.0,665.606606521315,18.4
24,1.9784,20.2,386.73,18.85,9.96654,0.0,6.485,18.388651425736704,0.7558587828376543,100.0,665.1246138755743,15.4
24,1.8956,20.2,240.52,23.79,12.8023,0.0,5.854,17.934532210306,1.0291342019680523,96.6,666.2781815168629,10.8
24,1.9879,20.2,43.06,23.98,10.6718,0.0,6.459,18.183963865728202,0.5955111089261073,94.8,666.5694857131964,11.8
24,2.072,20.2,318.01,17.79,6.28807,0.0,6.341,18.04236199865705,0.5499897855864988,96.4,665.444886379447,14.9
24,2.198,20.2,388.52,16.44,9.92485,0.0,6.251,18.11367650842453,0.6951540242655507,96.6,665.5354013158452,12.6
24,2.2616,20.2,396.9,18.13,9.32909,0.0,6.185,18.197052658549445,0.8410529628622779,98.7,666.3530103798066,14.1
24,2.185,20.2,304.21,19.31,7.52601,0.0,6.417,18.33719190681658,0.65133650902694,98.3,665.8401130359441,13.0
24,2.3236,20.2,0.32,17.44,6.71772,0.0,6.749,17.870070621382553,0.9096117293376662,92.6,665.8436384519396,13.4
24,2.3552,20.2,355.29,17.73,5.44114,0.0,6.655,17.87696686293109,0.7759004211843535,98.2,665.7149613069391,15.2
24,2.3682,20.2,385.09,17.27,5.09017,0.0,6.297,18.045476012178906,0.4414359008256969,91.8,666.6812662094527,16.1
24,2.4527,20.2,375.87,16.74,8.24809,0.0,7.393,18.150848565954416,0.5949721772510607,99.3,666.3953330489826,17.8
24,2.4961,20.2,6.68,18.71,9.51363,0.0,6.728,17.95268195369594,0.4433968507198677,94.1,665.9339049628195,14.9
24,2.4358,20.2,50.92,18.13,4.75237,0.0,6.525,18.015833965255922,0.9087891279983679,86.5,666.171484536474,14.1
24,2.5806,20.2,10.48,19.01,4.66883,0.0,5.976,18.26678188796049,0.79237448344813,87.9,666.2002955450737,12.7
24,2.7792,20.2,3.5,16.94,8.20058,0.0,5.936,18.07443918625535,0.6759507440938397,80.3,665.9480462076662,13.5
24,2.7831,20.2,272.21,16.23,7.75223,0.0,6.301,17.88111890212919,0.6723933334885538,83.7,665.9861972744957,14.9
24,2.7175,20.2,396.9,14.7,6.80117,0.0,6.081,18.146955318868425,0.8290995901955519,84.4,665.4153917328981,20.0
24,2.5975,20.2,255.23,16.42,4.81213,0.0,6.701,18.052073085345764,0.7091340506655959,90.0,666.5248999743895,16.4
24,2.5671,20.2,391.43,14.65,3.69311,0.0,6.376,18.260699337122702,0.5999497789068595,88.4,666.5697107756241,17.7
24,2.7344,20.2,396.9,13.99,6.65492,0.0,6.317,18.247365000137716,0.6475344242486504,83.0,665.8550074050286,19.5
24,2.8016,20.2,393.82,10.29,5.82115,0.0,6.513,18.24004628754796,0.6945787167310674,89.9,666.2631561330945,20.2
24,2.9634,20.2,396.9,13.22,7.83932,0.0,6.209,18.186218375531894,0.6717484246238034,65.4,665.867051041341,21.4
24,3.0665,20.2,334.4,14.13,3.1636,0.0,5.759,18.102775523052777,0.5023433165812339,48.2,665.3043880565486,19.9
24,2.8715,20.2,22.01,17.15,3.77498,0.0,5.952,18.067693867622452,0.7275026886300624,84.7,666.1351976123018,19.0
24,2.5403,20.2,331.29,21.32,4.42228,0.0,6.003,18.33326631326357,0.6136050866892659,94.5,665.7453748182949,19.1
24,2.9084,20.2,368.74,18.13,15.5757,0.0,5.926,18.181907334465286,0.5466914187411385,71.0,666.1077702098758,19.1
24,2.8237,20.2,396.9,14.76,13.0751,0.0,5.713,18.25594760125111,0.7048265274863575,56.7,665.2660346306426,20.1
24,3.0334,20.2,396.9,16.29,4.34879,0.0,6.167,18.040035716584093,0.5125715597119461,84.0,665.6668780664152,19.9
24,3.0993,20.2,395.33,12.87,4.03841,0.0,6.229,17.977576717188107,0.6203463397552755,90.7,665.8235013411912,19.6
24,2.8965,20.2,393.37,14.36,3.56868,0.0,6.437,17.962371996704043,0.6700970865724474,75.0,665.7087718652408,23.2
24,2.5329,20.2,374.68,11.66,4.64689,0.0,6.98,18.09672596736655,0.6605774580262541,67.6,666.3020583892613,29.8
24,2.4298,20.2,352.58,18.14,8.05579,0.0,5.427,18.258515557352403,0.41069226916716606,95.4,666.452550238028,13.8
24,2.206,20.2,302.76,24.1,6.39312,0.0,6.162,18.191947105385438,0.45557950587772067,97.4,667.0145356333492,13.3
24,2.3053,20.2,396.21,18.68,4.87141,0.0,6.484,18.175797427032848,0.5622541500115251,93.6,665.7165600340509,16.7
24,2.1007,20.2,349.48,24.91,15.0234,0.0,5.304,17.983932622610045,0.5164489981671626,97.3,665.4810596399556,12.0
24,2.1705,20.2,379.7,18.03,10.233,0.0,6.185,18.10376745508213,0.6186479440716072,96.7,665.9564260079466,14.6
24,1.9512,20.2,383.32,13.11,14.3337,0.0,6.229,18.204444576688363,0.8718963144425114,88.0,666.3842870715185,21.4
24,3.4242,20.2,396.9,10.74,5.82401,0.0,6.242,17.89275264359994,0.5976184163565302,64.7,666.4243070396531,23.0
24,3.3317,20.2,393.07,7.74,5.70818,0.0,6.75,18.242743073495067,0.37618095498492976,74.9,665.9308791874081,23.7
24,3.4106,20.2,395.28,7.01,5.73116,0.0,7.061,18.259363835186527,0.7635580942346266,77.0,665.6983358095011,25.0
24,4.0983,20.2,392.92,10.42,2.81838,0.0,5.762,17.97028104067603,0.5746831844829916,40.3,666.0689782136253,21.8
24,3.724,20.2,370.73,13.34,2.37857,0.0,5.871,17.89194892968671,0.46393547141135005,41.9,666.4391330249722,20.6
24,3.9917,20.2,388.62,10.58,3.67367,0.0,6.312,18.07012287694287,0.9951494105500033,51.9,666.4268226793533,21.2
24,3.5459,20.2,392.68,14.98,5.69175,0.0,6.114,18.146413321285326,0.561134867226999,79.8,666.2440279314383,19.1
24,3.1523,20.2,388.22,11.45,4.83567,0.0,5.905,17.959508759487946,0.40871865362859905,53.2,666.3626091367886,20.6
4,1.8209,20.1,395.09,18.06,0.15086,0.0,5.454,27.660527485406213,0.585405780173074,92.7,709.8604486635317,15.2
4,1.7554,20.1,344.05,23.97,0.18337,0.0,5.414,28.074196943867776,0.6387424592892588,98.3,710.8339486788398,7.0
4,1.8226,20.1,318.43,29.68,0.20746,0.0,5.093,27.702816015149228,0.4880489965893001,98.0,711.210992221884,8.1
4,1.8681,20.1,390.11,18.07,0.10574,0.0,5.983,27.659090807232676,0.7875958010525093,98.8,710.928099186889,13.6
4,2.1099,20.1,396.9,13.35,0.11132,0.0,5.983,27.635436867139788,0.867727067654332,83.5,711.1470122841378,20.1
6,2.3817,19.2,396.9,12.01,0.17331,0.0,5.707,9.547399173107642,0.6081129862544932,54.0,390.5349546175868,21.8
6,2.3817,19.2,396.9,13.59,0.27957,0.0,5.926,9.805936349904012,0.5212755168811216,42.6,391.0644562749045,24.5
6,2.7986,19.2,393.29,17.6,0.17899,0.0,5.67,9.556099192662058,0.7207798568775616,28.8,390.8930201333455,23.1
6,2.7986,19.2,396.9,21.14,0.2896,0.0,5.39,9.494931129155862,0.734071847515301,72.9,390.6548423006052,19.7
6,2.8927,19.2,396.9,14.1,0.26838,0.0,5.794,9.652515788895169,0.45894757553574483,70.6,391.0586449377051,18.3
6,2.4091,19.2,396.9,12.92,0.23912,0.0,6.019,9.737475080594763,0.39755281480861415,65.3,391.02068902586575,21.2
6,2.3999,19.2,395.77,15.1,0.17783,0.0,5.569,9.619980287838468,0.5916282795135599,73.5,390.5913683445281,17.5
6,2.4982,19.2,396.9,14.33,0.22438,0.0,6.027,9.65393952789027,0.6163111689399167,79.7,391.87857657612386,16.8
1,2.4786,21.0,391.99,9.67,0.06263,0.0,6.593,11.77406184496365,0.5654692075384646,69.1,272.9523822661279,22.4
1,2.2875,21.0,396.9,9.08,0.04527,0.0,6.12,11.785249489706656,0.5621018686383609,76.7,273.2643062882997,20.6
1,2.1675,21.0,396.9,5.64,0.06076,0.0,6.976,11.854205357212287,0.7775686936765287,91.0,273.42172636296095,23.9
1,2.3889,21.0,393.45,6.48,0.10959,0.0,6.794,11.765195545722914,0.6790567694619492,89.3,273.9136222629007,22.0
1,2.505,21.0,396.9,7.88,0.04741,0.0,6.03,12.007562674303571,0.6156993539269915,80.8,273.6234175724083,11.9
